<?xml version="1.0" encoding="UTF-8"?>
<doc>
	<sources>
		<source src="../js/extjs" match="ext-base-debug.js" />
		<source src="../js/extjs" match="ext-all-debug.js" />
		<source src="../js/extjs/ext-extensions" match="*.js" />
		<source src="../js/deluge-all" match="*.js" />
	</sources>
	<tags>
		<tag name="author" title="Author" />
		<tag name="version" title="Version" />
		<tag name="note" format="&lt;i&gt;NOTE: {0}&lt;/i&gt;" />
		<tag name="demo" title="Demo" format="&lt;a href=&quot;{0}&quot;&gt;{0}&lt;/a&gt;" />
	</tags>
</doc>
